image,green_ratio,brightness
growth-1.jpg,0.0053664750457277244,0.4631366315361612
growth-2.jpg,0.1136214605067064,0.28806135284052353
growth-3.jpg,0.17988023952095808,0.4077065868263473
growth-4.jpg,0.1639279038718291,0.46962939518486524
